REM   Script: AULA 3.1.1
REM   MANIPULAÇÃO DE TABELA

SET TERMOUT ON 


PROMPT Building demonstration tables. Please wait. 


SET TERMOUT OFF 


DROP TABLE EMP;

DROP TABLE DEPT;

DROP TABLE BONUS;

DROP TABLE SALGRADE;

DROP TABLE DUMMY;

CREATE TABLE EMP 
 
    (EMPNO NUMBER(4) NOT NULL, 
 
    ENAME VARCHAR2(10), 
 
    JOB VARCHAR2(9), 
 
    MGR NUMBER(4), 
 
    HIREDATE DATE, 
 
    SAL NUMBER(7, 2), 
 
    COMM NUMBER(7, 2), 
 
    DEPTNO NUMBER(2));

INSERT INTO EMP VALUES 
 
    (7369, 'SMITH', 'CLERK',   7902, 
 
    TO_DATE('17-DEC-1980', 'DD-MON-YYYY'), 800, NULL, 20);

INSERT INTO EMP VALUES 
 
    (7499, 'ALLEN', 'SALESMAN', 7698, 
 
    TO_DATE('20-FEB-1981', 'DD-MON-YYYY'), 1600, 300, 30);

INSERT INTO EMP VALUES 
 
    (7521, 'WARD',  'SALESMAN', 7698, 
 
    TO_DATE('22-FEB-1981', 'DD-MON-YYYY'), 1250, 500, 30);

INSERT INTO EMP VALUES 
 
    (7566, 'JONES', 'MANAGER',  7839, 
 
    TO_DATE('2-APR-1981', 'DD-MON-YYYY'), 2975, NULL, 20);

INSERT INTO EMP VALUES 
 
    (7654, 'MARTIN', 'SALESMAN', 7698, 
 
    TO_DATE('28-SEP-1981', 'DD-MON-YYYY'), 1250, 1400, 30);

INSERT INTO EMP VALUES 
 
    (7698, 'BLAKE', 'MANAGER',  7839, 
 
    TO_DATE('1-MAY-1981', 'DD-MON-YYYY'), 2850, NULL, 30);

INSERT INTO EMP VALUES 
 
    (7782, 'CLARK', 'MANAGER',  7839, 
 
    TO_DATE('9-JUN-1981', 'DD-MON-YYYY'), 2450, NULL, 10);

INSERT INTO EMP VALUES 
 
    (7788, 'SCOTT', 'ANALYST',  7566, 
 
    TO_DATE('09-DEC-1982', 'DD-MON-YYYY'), 3000, NULL, 20);

INSERT INTO EMP VALUES 
 
    (7839, 'KING',  'PRESIDENT', NULL, 
 
    TO_DATE('17-NOV-1981', 'DD-MON-YYYY'), 5000, NULL, 10);

INSERT INTO EMP VALUES 
 
    (7844, 'TURNER', 'SALESMAN', 7698, 
 
    TO_DATE('8-SEP-1981', 'DD-MON-YYYY'), 1500,  0, 30);

INSERT INTO EMP VALUES 
 
    (7876, 'ADAMS', 'CLERK',   7788, 
 
    TO_DATE('12-JAN-1983', 'DD-MON-YYYY'), 1100, NULL, 20);

INSERT INTO EMP VALUES 
 
    (7900, 'JAMES', 'CLERK',   7698, 
 
    TO_DATE('3-DEC-1981', 'DD-MON-YYYY'),  950, NULL, 30);

INSERT INTO EMP VALUES 
 
    (7902, 'FORD',  'ANALYST',  7566, 
 
    TO_DATE('3-DEC-1981', 'DD-MON-YYYY'), 3000, NULL, 20);

INSERT INTO EMP VALUES 
 
    (7934, 'MILLER', 'CLERK',   7782, 
 
    TO_DATE('23-JAN-1982', 'DD-MON-YYYY'), 1300, NULL, 10);

CREATE TABLE DEPT 
 
    (DEPTNO NUMBER(2), 
 
    DNAME VARCHAR2(14), 
 
    LOC VARCHAR2(13) );

INSERT INTO DEPT VALUES (10, 'ACCOUNTING', 'NEW YORK');

INSERT INTO DEPT VALUES (20, 'RESEARCH',  'DALLAS');

INSERT INTO DEPT VALUES (30, 'SALES',   'CHICAGO');

INSERT INTO DEPT VALUES (40, 'OPERATIONS', 'BOSTON');

CREATE TABLE BONUS 
 
    (ENAME VARCHAR2(10), 
 
     JOB  VARCHAR2(9), 
 
     SAL  NUMBER, 
 
     COMM NUMBER);

CREATE TABLE SALGRADE 
 
    (GRADE NUMBER, 
 
     LOSAL NUMBER, 
 
     HISAL NUMBER);

INSERT INTO SALGRADE VALUES (1, 700, 1200);

INSERT INTO SALGRADE VALUES (2, 1201, 1400);

INSERT INTO SALGRADE VALUES (3, 1401, 2000);

INSERT INTO SALGRADE VALUES (4, 2001, 3000);

INSERT INTO SALGRADE VALUES (5, 3001, 9999);

CREATE TABLE DUMMY 
 
    (DUMMY NUMBER);

INSERT INTO DUMMY VALUES (0);

COMMIT


SET TERMOUT ON 


PROMPT Demonstration table build is complete.


SELECT * FROM EMP;

SELECT ENAME, JOB, SAL FROM EMP:;

SELECT ENAME, JOB, SAL FROM EMP:;

:


SELECT ENAME, JOB, SAL FROM EMP:;

SELECT * FROM EMP;

SELECT ENAME, JOB, SAL FROM EMP:;

SELECT ENAME, JOB, SAL FROM EMP:;

SELECT * FROM EMP;

SELECT ENAME, JOB, SAL FROM EMP:;

SELECT * FROM EMP;

SELECT ENAME, JOB, SAL FROM EMP: 
SELECT ENAME, SAL FROM EMP WHERE SAL > 300;

SELECT ENAME, SAL FROM EMP WHERE SAL > 300;

SELECT ENAME, JOB, SAL FROM EMP:;

SELECT * FROM EMP;

SELECT ENAME, JOB, SAL FROM EMP:;

SELECT ENAME, JOB, SAL FROM EMP;

SELECT ENAME, SAL FROM EMP WHERE SAL > 300;

SELECT ENAME, SAL FROM EMP WHERE SAL <1200;

SELECT ENAME, SAL FROM EMP WHERE JOB = 'CLERK';

SELECT ENAME, SAL, JOB FROM EMP WHERE JOB = 'CLERK';

SELECT ENAME, SAL FROM EMP WHERE JOB = 'CLERK';

SELECT ENAME, JOB, SAL 
FROM EMP 
WHERE SAL < 1200;

SELECT ENAME, SAL FROM EMP WHERE JOB = 'CLERK';

SELECT ENAME, JOB, SAL 
FROM EMP 
WHERE SAL < 1200;

SELECT ENAME, JOB FROM EMP WHERE SAL BETWEEN 2500 AND 3500;

SELECT ENAME, JOB, SAL FROM EMP WHERE SAL BETWEEN 2500 AND 3500;

SELECT * FROM EMP;

SELECT ENAME, JOB, SAL FROM EMP WHERE EMPNO BETWENN 7350 AND 7645;

SELECT ENAME, JOB, SAL FROM EMP WHERE EMPNO BETWEEN 7350 AND 7645;

SELECT * FROM EMP;

SELECT ENAME JOB FROM EMP WHERE JOB IN('PRESIDENTE', 'ANALIST');

SELECT ENAME JOB FROM EMP WHERE JOB IN('PRESIDENTE', 'ANALYST');

SELECT ENAME, JOB FROM EMP WHERE JOB IN('PRESIDENTE', 'ANALYST');

SELECT ENAME, SAL FROM EMP WHERE JOB = 'CLERK';

SELECT ENAME, JOB, SAL FROM EMP WHERE EMPNO BETWEEN 7350 AND 7645;

SELECT EMPNO, ENAME, MGR FROM EMP WHERE JOB LIKE '%T';

SELECT EMPNO, ENAME, MGR FROM EMP WHERE JOB LIKE '%T%';

SELECT EMPNO, ENAME, MGR, JOB FROM EMP WHERE JOB LIKE '%T%';

SELECT ENAME, JOB, SAL FRM EMP WHERE JOB = 'ANALYST';

SELECT ENAME, JOB, SAL FROM EMP WHERE JOB = 'ANALYST';

SELECT ENAME, JOB, SAL FROM EMP WHERE JOB = 'ANALYST';

SELECT ENAME, JOB, SAL + 500 FROM EMP WHERE JOB = 'ANALYST';

SELECT ENAME, JOB, SAL + 5% FROM EMP WHERE JOB = 'ANALYST';

SELECT ENAME, JOB, SAL + 5 FROM EMP WHERE JOB = 'ANALYST';

SELECT ENAME, JOB, SAL + 500 FROM EMP WHERE JOB = 'ANALYST';

SELECT * FROM EMP;

SELECT ENAME, JOB, SAL FROM EMP;

SELECT ENAME, SAL FROM EMP WHERE SAL <1200;

SELECT ENAME, SAL FROM EMP WHERE SAL <1200;

SELECT ENAME, SAL FROM EMP WHERE JOB = 'CLERK';

SELECT ENAME, JOB, SAL FROM EMP WHERE SAL BETWEEN 2500 AND 3500 
 
SELECT ENAME, JOB, SAL FROM EMP WHERE EMPNO BETWEEN 7350 AND 7645;

SELECT ENAME, SAL FROM EMP WHERE JOB = 'CLERK';

SELECT ENAME, JOB, SAL FROM EMP WHERE SAL BETWEEN 2500 AND 3500 
 
SELECT ENAME, JOB, SAL FROM EMP WHERE EMPNO BETWEEN 7350 AND 7645;

SELECT ENAME, JOB FROM EMP WHERE JOB IN('PRESIDENTE', 'ANALYST');

SELECT ENAME, JOB FROM EMP WHERE JOB IN('PRESIDENTE', 'ANALYST');

SELECT ENAME, JOB FROM EMP WHERE JOB NOT IN('PRESIDENTE', 'ANALYST');

SELECT ENAME, JOB FROM EMP WHERE JOB NOT IN('PRESIDENTE', 'ANALYST');

SELECT EMPNO, ENAME, MGR, JOB FROM EMP WHERE JOB LIKE '%T%';

SELECT ENAME, JO, MGR FROM EMP WHERE MGR IS NULL;

SELECT EMPNO, ENAME, MGR, JOB FROM EMP WHERE JOB LIKE '%T%';

SELECT ENAME, JO, MGR FROM EMP WHERE MGR IS NULL;

SELECT ENAME, JOB, SAL, SAL + 500 FROM EMP WHERE JOB = 'ANALYST';

SELECT ENAME, JOB, SAL, SAL+(SAL * 0,2) FROM EMP WHERE JOB = 'ANALYST';

SELECT ENAME, JOB, SAL, SAL + 500 FROM EMP WHERE JOB = 'ANALYST';

SELECT ENAME, JOB, SAL, SAL+(SAL * 0,2) FROM EMP WHERE JOB = 'ANALYST';

SELECT ENAME, JOB, SAL, SAL+(SAL * 0,2) FROM EMP WHERE JOB = 'ANALYST';

SELECT ENAME, JOB, SAL, SAL+(SAL * 0,2) FROM EMP WHERE JOB = 'ANALYST';

SELECT ENAME, JOB, SAL, SAL+(SAL * 0.2) FROM EMP WHERE JOB = 'ANALYST';

SELECT ENAME, JOB, SAL, SAL+SAL * 0.2 FROM EMP WHERE JOB = 'ANALYST';

SELECT EMPNO, ENAME, JOB, SAL FROM EMP WHERE SAL >= 1100 END JOB = 'CLERK';

SELECT EMPNO, ENAME, JOB, SAL FROM EMP WHERE SAL >= 1100 AND JOB = 'CLERK';

SELECT EMPNO, ENAME, JOB, SAL FROM EMP WHERE SAL >= 1100 AND SAL <= 3000;

SELECT EMPNO, ENAME, JOB, SAL FROM EMP WHERE SAL >= 1100 AND SAL <= 3000;

SELECT EMPNO, ENAME, JOB, SAL FROM EMP WHERE SAL >= 1100 AND SAL <= 3000 ORDER BY SAL;

SELECT EMPNO, ENAME, JOB, SAL FROM EMP WHERE SAL >= 1100 AND SAL <= 3000 ORDER BY SAL DESC;

SELECT EMPNO, ENAME, JOB, SAL FROM EMP WHERE SAL >= 1100 AND SAL <= 3000 ORDER BY SAL ASC;

SELECT EMPNO, ENAME, JOB, SAL FROM EMP WHERE SAL >= 1100 AND SAL <= 3000 ORDER BY SAL;

SELECT EMPNO, ENAME, JOB, SAL FROM EMP WHERE SAL >= 1100 AND SAL <= 3000 ORDER BY SAL, ENAME, ASC;

SELECT EMPNO, ENAME, JOB, SAL FROM EMP WHERE SAL >= 1100 AND SAL <= 3000 ORDER BY SAL ASC;

SELECT MAX(SAL) FROM EMP;

SELECT MIN(SAL) FROM EMP;

SELECT AVG(SAL) FROM EMP;

SELECT SUM(SAL) FROM EMP;

SELECT COUNT(EMPNO) FROM EMP WHERE JOB = 'ANALYST';

SELECT JOB, MAX(SAL) FROM EMP GROUP BY JOB;

SELECT JOB, MAX(SAL) FROM EMP GROUP BY JOB HAVING MAX(SAL) > 10000;

SELECT JOB, MAX(SAL) FROM EMP GROUP BY JOB HAVING MAX(SAL) > 3000;

SELECT JOB, MAX(SAL) FROM EMP GROUP BY JOB HAVING MAX(SAL) >= 3000;

SELECT JOB, MAX(SAL) AS MAIOR-SALARIO FROM EMP GROUP BY JOB HAVING MAX(SAL) >= 3000;

SELECT JOB, MAX(SAL) AS MAIOR_SALARIO FROM EMP GROUP BY JOB HAVING MAX(SAL) >= 3000;

SELECT AVG(SAL) FROM EMP;

SELECT AVG(SAL) AS MEDIA-SALARIAL FROM EMP;

SELECT AVG(SAL) AS MEDIA_SALARIAL FROM EMP;

SELECT ROUND(AVG(SAL),2) AS MEDIA_SALARIAL FROM EMP;

SELECT ROUND(AVG(SAL),2) AS MEDIA_SALARIO FROM EMP;

SELECT TRUNC(AVG(SAL),3) AS MEDIA_SALARIO FROM EMP;

SELECT 500 + 200 
;

SELECT 500 + 200: 
;

SELECT 500 + 200;

SELECT SAL / 500 FROM EMP;

SELECT SAL / 500 FROM EMP WHERE JOB = 'CLERK';

SELECT ENAME FROM MP;

SELECT ENAME FROM EMP;

SELECT ENAME, LENGTH(ENAME) AS QTD_CARACTERES FROM EMP;

SELECT ENAME, LENGTH(ENAME) AS QTD_CARACTERES FROM EMP;

SELECT ENAME ||' É UM ' || JOB AS FUNCIONARIO FROM EMP;

SELECT ENAME ||' SEU SALARIO É R$ '|| SAL AS SALARIO FROM EMP;

